{
  "version": 1,
  "disable_existing_loggers": false,
  "formatters": {
    "INFO": {
      "format": "[%(levelname)s] %(asctime)s  %(message)s"
    },
    "CRITICAL": {
      "format": "[%(levelname)s] [ %(asctime)s::%(name)s::%(lineno)s ]  %(message)s"
    },
    "WARNING": {
      "format": "[%(levelname)s] [ %(asctime)s::%(name)s ]  %(message)s"
    },
    "ERROR": {
      "format": "[%(levelname)s] [ %(asctime)s::%(name)s ]  %(message)s"
    },
    "DEBUG": {
      "format": "[%(levelname)s] [ %(asctime)s::%(name)s::%(funcName)s::%(lineno)s ]  %(message)s"
    },
    "simple": {
      "format": "[%(levelname)s] %(message)s"
    },
    "complex": {
      "format": "[%(levelname)s] [ %(asctime)s::%(funcName)s::%(lineno)s ] %(message)s"
    }
  },
  "handlers": {
    "console": {
      "class": "logging.StreamHandler",
      "level": "INFO",
      "formatter": "INFO",
      "stream": "ext://sys.stdout"
    },
    "info_file_handler": {
      "class": "logging.handlers.RotatingFileHandler",
      "level": "INFO",
      "formatter": "simple",
      "filename": "logs/info.log",
      "maxBytes": 10485760,
      "backupCount": 20,
      "encoding": "utf8"
    },
    "error_file_handler": {
      "class": "logging.handlers.RotatingFileHandler",
      "level": "ERROR",
      "formatter": "simple",
      "filename": "logs/errors.log",
      "maxBytes": 10485760,
      "backupCount": 20,
      "encoding": "utf8"
    },
    "debug_file_handler": {
      "class": "logging.handlers.RotatingFileHandler",
      "level": "DEBUG",
      "formatter": "simple",
      "filename": "logs/debug.log",
      "maxBytes": 10485760,
      "backupCount": 20,
      "encoding": "utf8"
    }
  },
  "loggers": {
    "config": {
      "level": "DEBUG",
      "handlers": [
        "console"
      ],
      "propagate": "yes"
    },
    "boto": {
      "level": "ERROR",
      "handlers": [
        "console"
      ],
      "propagate": "yes"
    },
    "botocore": {
      "level": "ERROR",
      "handlers": [
        "console"
      ],
      "propagate": "yes"
    }
  },
  "root": {
    "level": "DEBUG",
    "handlers": [
      "console"
    ]
  }
}
